count	cycle	state	state_full	total	zip	Lat	Long
2	2024	HI	Hawaii	$3,000.00	96708	20.852389	-156.223562
2	2024	HI	Hawaii	$73.00	96813	21.316548	-157.845053
2	2024	FL	Florida	$6,600.00	33040	24.560908	-81.889478
3	2024	FL	Florida	$32.50	33031	25.524982	-80.500875
1	2024	FL	Florida	$1,000.00	33109	25.756717	-80.140066
1	2024	FL	Florida	$2,500.00	33131	25.766206	-80.182897
1	2024	FL	Florida	$400.00	33139	25.779808	-80.1532
1	2024	FL	Florida	$1,300.00	33140	25.819714	-80.133711
2	2024	FL	Florida	$6,600.00	33154	25.883337	-80.131831
6	2024	FL	Florida	$150.00	34114	25.943846	-81.538206
1	2024	FL	Florida	$5.00	33323	26.151721	-80.320963
2	2024	FL	Florida	$5,000.00	33065	26.274498	-80.2604
2	2024	FL	Florida	$5,000.00	34110	26.300417	-81.78846
1	2024	FL	Florida	$2,000.00	33432	26.343902	-80.082735
1	2024	FL	Florida	$1,000.00	33483	26.462644	-80.061718
2	2024	FL	Florida	$1,000.00	33921	26.772225	-82.252804
3	2024	FL	Florida	$98.00	33408	26.840483	-80.052158
2	2024	FL	Florida	$800.00	33418	26.872713	-80.165712
1	2024	FL	Florida	$15.00	33983	27.009117	-82.017871
1	2024	FL	Florida	$250.00	34293	27.025247	-82.346959
7	2024	FL	Florida	$2,175.00	34236	27.316487	-82.553527
4	2024	FL	Florida	$75.00	34234	27.368298	-82.543091
2	2024	FL	Florida	$100.00	33547	27.789947	-82.135828
2	2024	FL	Florida	$35.00	33618	28.074807	-82.498405
6	2024	FL	Florida	$150.00	33647	28.126958	-82.354093
1	2024	TX	Texas	$50.00	78102	28.407712	-97.71062
19	2024	FL	Florida	$368.00	34748	28.768405	-81.882911
2	2024	TX	Texas	$275.00	77551	29.278188	-94.83329
5	2024	TX	Texas	$5,250.00	78209	29.488906	-98.456235
1	2024	TX	Texas	$1,000.00	78217	29.538074	-98.415198
1	2024	TX	Texas	$53.00	78249	29.565311	-98.612104
36	2024	TX	Texas	$652.00	77479	29.566996	-95.636016
1	2024	TX	Texas	$500.00	77478	29.620312	-95.605693
6	2024	TX	Texas	$11,300.00	77401	29.704019	-95.460905
2	2024	TX	Texas	$1,250.00	77030	29.706787	-95.401748
2	2024	TX	Texas	$1,200.00	77081	29.712099	-95.480935
9	2024	TX	Texas	$3,825.00	77027	29.740079	-95.446409
1	2024	TX	Texas	$25.00	77006	29.74097	-95.391301
3	2024	TX	Texas	$70.00	77019	29.75415	-95.409498
6	2024	TX	Texas	$6,600.00	77024	29.772179	-95.514203
1	2024	FL	Florida	$1,800.00	32003	30.095584	-81.710162
1	2024	FL	Florida	$500.00	32223	30.156644	-81.649266
1	2024	FL	Florida	$12.50	32256	30.175204	-81.472784
1	2024	TX	Texas	$3,300.00	78744	30.176044	-97.727787
1	2024	TX	Texas	$250.00	78739	30.17842	-97.888662
1	2024	TX	Texas	$250.00	78745	30.206851	-97.797384
1	2024	TX	Texas	$1,000.00	78704	30.243032	-97.765081
2	2024	TX	Texas	$4,300.00	78702	30.263378	-97.714483
1	2024	TX	Texas	$1,000.00	78701	30.270569	-97.742589
8	2024	TX	Texas	$5,500.00	78703	30.293268	-97.76605
3	2024	TX	Texas	$3,000.00	78705	30.294333	-97.738517
8	2024	TX	Texas	$12,800.00	78746	30.296865	-97.809578
1	2024	TX	Texas	$300.00	78738	30.319748	-97.958224
9	2024	TX	Texas	$2,101.00	78731	30.348236	-97.768136
3	2024	LA	Louisiana	$23.50	70820	30.36507	-91.203973
1	2024	TX	Texas	$1,000.00	78734	30.378736	-97.950592
17	2024	TX	Texas	$725.00	78759	30.402665	-97.761062
1	2024	TX	Texas	$1,000.00	78727	30.429937	-97.717796
1	2024	TX	Texas	$250.00	78613	30.503949	-97.8242
1	2024	TX	Texas	$200.00	78633	30.750244	-97.760498
2	2024	TX	Texas	$150.00	79912	31.848583	-106.534316
3	2024	SC	South Carolina	$4,300.00	29928	32.163171	-80.755765
13	2024	AZ	Arizona	$296.00	85741	32.335291	-111.041759
24	2024	SC	South Carolina	$922.50	29909	32.336836	-80.847799
2	2024	LA	Louisiana	$150.00	71106	32.378491	-93.730669
3	2024	MS	Mississippi	$300.00	39157	32.425874	-90.169852
6	2024	AZ	Arizona	$120.00	85739	32.621072	-110.989667
1	2024	SC	South Carolina	$1,000.00	29455	32.624718	-80.040587
3	2024	SC	South Carolina	$250.00	29412	32.711469	-79.952603
2	2024	TX	Texas	$60.00	76116	32.720723	-97.447033
1	2024	CA	California	$250.00	92019	32.776012	-116.880634
1	2024	CA	California	$250.00	92109	32.786772	-117.234207
1	2024	TX	Texas	$1,000.00	75201	32.78776	-96.799427
5	2024	TX	Texas	$2,525.00	75219	32.811813	-96.812898
4	2024	CA	California	$1,080.00	92124	32.823766	-117.092378
14	2024	TX	Texas	$13,925.00	75205	32.835893	-96.795514
7	2024	TX	Texas	$10,400.00	75209	32.84831	-96.825474
2	2024	CA	California	$3,550.00	92037	32.856347	-117.250058
4	2024	TX	Texas	$5,300.00	75220	32.868529	-96.876118
11	2024	CA	California	$205.00	92131	32.88607	-117.085982
5	2024	TX	Texas	$118.00	75229	32.893295	-96.864339
8	2024	TX	Texas	$1,660.00	75230	32.902679	-96.793393
1	2024	TX	Texas	$3,300.00	75234	32.923189	-96.891721
1	2024	TX	Texas	$3,300.00	75244	32.925367	-96.836334
2	2024	AZ	Arizona	$100.00	85248	33.214955	-111.869973
2	2024	AZ	Arizona	$150.00	85282	33.393984	-111.932906
11	2024	AZ	Arizona	$299.50	85018	33.505956	-111.985386
1	2024	AZ	Arizona	$62.00	85014	33.507223	-112.05769
1	2024	AZ	Arizona	$500.00	85016	33.511517	-112.019166
24	2024	AZ	Arizona	$348.64	85253	33.544833	-111.957563
3	2024	CA	California	$260.00	92562	33.547613	-117.34404
1	2024	GA	Georgia	$250.00	30809	33.55603	-82.170395
11	2024	AZ	Arizona	$275.00	85351	33.605791	-112.28406
1	2024	CA	California	$10.00	92692	33.606497	-117.643112
6	2024	GA	Georgia	$75.00	30094	33.612505	-84.051523
1	2024	GA	Georgia	$500.00	30038	33.66646	-84.139855
13	2024	CA	California	$101.00	90732	33.74212	-118.312878
1	2024	GA	Georgia	$250.00	30307	33.771079	-84.3336
2	2024	CA	California	$100.00	90274	33.780065	-118.372454
15	2024	CA	California	$275.00	90720	33.795012	-118.062692
9	2024	GA	Georgia	$148.50	30087	33.805871	-84.126928
1	2024	GA	Georgia	$250.00	30033	33.811659	-84.28323
6	2024	AZ	Arizona	$127.50	85086	33.816137	-112.119971
5	2024	CA	California	$100.00	92276	33.82233	-116.364238
2	2024	CA	California	$20.00	90807	33.82774	-118.17482
1	2024	AZ	Arizona	$500.00	85262	33.835028	-111.806018
1	2024	GA	Georgia	$500.00	30305	33.835696	-84.389116
1	2024	GA	Georgia	$250.00	30319	33.875954	-84.334763
4	2024	GA	Georgia	$1,277.00	30342	33.882179	-84.375289
1	2024	CA	California	$250.00	90266	33.889151	-118.402127
1	2024	CA	California	$1,000.00	90250	33.914775	-118.348083
15	2024	GA	Georgia	$335.00	30328	33.932538	-84.385947
5	2024	CA	California	$8,600.00	90291	33.993396	-118.465193
2	2024	CA	California	$500.00	90230	33.997862	-118.393617
1	2024	GA	Georgia	$100.00	30043	33.999276	-84.009512
3	2024	CA	California	$6,850.00	90066	34.002028	-118.430656
9	2024	CA	California	$12,300.00	90402	34.034666	-118.504039
2	2024	CA	California	$1,500.00	90064	34.037251	-118.423573
1	2024	CA	California	$500.00	90015	34.039378	-118.2663
4	2024	CA	California	$1,550.00	90025	34.045421	-118.445873
3	2024	CA	California	$3,000.00	90067	34.057597	-118.413998
1	2024	CA	California	$1,000.00	90211	34.064958	-118.382979
2	2024	CA	California	$1,250.00	90024	34.065723	-118.434969
2	2024	CA	California	$4,800.00	90265	34.066117	-118.846342
1	2024	CA	California	$500.00	90020	34.066379	-118.30987
1	2024	CA	California	$250.00	90036	34.07041	-118.350411
11	2024	CA	California	$1,598.00	90048	34.072924	-118.37271
1	2024	CA	California	$500.00	90026	34.080017	-118.262643
5	2024	CA	California	$4,950.00	90272	34.08746	-118.544232
13	2024	CA	California	$8,160.00	90049	34.09254	-118.491064
4	2024	CA	California	$6,350.00	90069	34.093828	-118.381697
6	2024	CA	California	$11,300.00	90210	34.100517	-118.414712
3	2024	CA	California	$1,300.00	90046	34.10781	-118.362247
4	2024	CA	California	$13,200.00	90077	34.108023	-118.456964
2	2024	CA	California	$1,250.00	91301	34.123286	-118.758541
1	2024	CA	California	$500.00	90027	34.127194	-118.295647
6	2024	CA	California	$150.00	91711	34.128066	-117.714773
4	2024	CA	California	$2,000.00	90068	34.129772	-118.330989
1	2024	CA	California	$250.00	91106	34.139402	-118.128658
1	2024	CA	California	$500.00	91604	34.140822	-118.392864
4	2024	CA	California	$2,300.00	91423	34.148617	-118.433298
6	2024	CA	California	$5,800.00	91436	34.149588	-118.489708
1	2024	CA	California	$500.00	91356	34.155097	-118.547553
1	2024	CA	California	$1,000.00	91505	34.173885	-118.346937
4	2024	CA	California	$85.00	91750	34.18001	-117.773939
3	2024	CA	California	$7,100.00	91011	34.222119	-118.205306
1	2024	CA	California	$500.00	93021	34.295652	-118.897875
1	2024	CA	California	$250.00	93063	34.308729	-118.687223
1	2024	CA	California	$3,300.00	93103	34.438773	-119.678841
1	2024	CA	California	$1,088.00	93108	34.448024	-119.616984
3	2024	CA	California	$45.00	93023	34.530199	-119.310133
6	2024	AL	Alabama	$120.00	35803	34.563461	-86.519399
1	2024	TN	Tennessee	$250.00	37409	35.013749	-85.335346
1	2024	NC	North Carolina	$1,000.00	28763	35.028572	-83.466615
1	2024	SC	South Carolina	$250.00	29710	35.106284	-81.221471
2	2024	NM	New Mexico	$800.00	87010	35.40829	-106.129828
15	2024	CA	California	$215.50	93306	35.468183	-118.779649
2	2024	NC	North Carolina	$5,800.00	28031	35.472097	-80.900358
5	2024	NM	New Mexico	$125.00	87508	35.527445	-105.96875
1	2024	NC	North Carolina	$2,500.00	28658	35.637619	-81.235843
1	2024	NM	New Mexico	$250.00	87506	35.813114	-105.984455
2	2024	NC	North Carolina	$50.00	27517	35.850468	-79.023121
1	2024	NC	North Carolina	$1,000.00	27615	35.8985	-78.635485
12	2024	NC	North Carolina	$195.00	27516	35.906197	-79.154855
1	2024	NC	North Carolina	$250.00	27617	35.907875	-78.77296
1	2024	NC	North Carolina	$25.00	27215	36.027099	-79.491799
2	2024	NV	Nevada	$6,600.00	89113	36.061152	-115.263515
2	2024	OK	Oklahoma	$150.00	74136	36.0624	-95.941457
3	2024	NV	Nevada	$7,600.00	89135	36.100973	-115.375908
2	2024	TN	Tennessee	$46.00	37217	36.108666	-86.656722
3	2024	TN	Tennessee	$300.00	37205	36.113195	-86.870442
1	2024	AR	Arkansas	$250.00	72703	36.118332	-94.043243
4	2024	OK	Oklahoma	$13,200.00	74119	36.142076	-95.989166
1	2024	TN	Tennessee	$3,300.00	37219	36.166811	-86.783177
4	2024	OK	Oklahoma	$68.00	74127	36.173132	-96.046419
1	2024	TN	Tennessee	$833.33	37209	36.1854	-86.94857
1	2024	AR	Arkansas	$1,000.00	72758	36.299665	-94.13721
1	2024	VA	Virginia	$100.00	23517	36.869679	-76.292569
2	2024	CA	California	$200.00	95076	36.946256	-121.756479
1	2024	CA	California	$3,300.00	95062	36.970525	-121.987488
2	2024	VA	Virginia	$37.50	23692	37.192438	-76.463582
9	2024	CA	California	$2,158.00	95030	37.222759	-121.983272
2	2024	VA	Virginia	$750.00	23185	37.228498	-76.718509
1	2024	CA	California	$250.00	95125	37.295056	-121.89144
3	2024	CA	California	$22.50	95014	37.306491	-122.08064
3	2024	CA	California	$150.00	95126	37.326791	-121.916745
3	2024	CA	California	$150.00	94087	37.351529	-122.036959
1	2024	CA	California	$1,000.00	94022	37.357489	-122.144437
7	2024	CA	California	$10,200.00	94028	37.376828	-122.209796
5	2024	CA	California	$11,900.00	94062	37.413691	-122.295343
8	2024	CA	California	$11,350.00	94306	37.415727	-122.130762
11	2024	CA	California	$12,800.00	94301	37.444123	-122.149911
12	2024	CA	California	$900.00	95363	37.452895	-121.229974
19	2024	CA	California	$30,900.00	94027	37.453514	-122.204756
24	2024	CA	California	$37,900.00	94025	37.457524	-122.176542
4	2024	CA	California	$62.50	94303	37.45788	-122.115158
5	2024	CA	California	$10,250.00	94539	37.516907	-121.911763
2	2024	CA	California	$750.00	94403	37.538449	-122.305447
5	2024	CA	California	$7,900.00	94010	37.57028	-122.365778
3	2024	CA	California	$36.00	94401	37.576948	-122.316903
1	2024	CA	California	$2,000.00	94116	37.745399	-122.486065
2	2024	CA	California	$1,050.00	94131	37.745916	-122.441472
6	2024	CA	California	$11,150.00	94114	37.758057	-122.43541
6	2024	CA	California	$8,800.00	94117	37.769436	-122.447662
1	2024	CA	California	$500.00	94103	37.773134	-122.411167
3	2024	CA	California	$1,200.00	94501	37.773793	-122.278115
10	2024	CA	California	$4,459.00	94118	37.780097	-122.462605
6	2024	CA	California	$1,646.00	94115	37.785969	-122.437253
1	2024	CA	California	$1,000.00	94104	37.791409	-122.40213
3	2024	CA	California	$1,800.00	94108	37.792007	-122.408575
2	2024	CA	California	$2,000.00	94109	37.795388	-122.422453
3	2024	CA	California	$3,000.00	94129	37.797336	-122.464462
1	2024	CA	California	$1,500.00	94111	37.799367	-122.398407
1	2024	CA	California	$250.00	94123	37.800934	-122.438366
2	2024	CA	California	$6,600.00	94612	37.8088	-122.269196
1	2024	CA	California	$1,000.00	94506	37.809677	-121.913141
3	2024	CA	California	$1,350.00	94610	37.811406	-122.242458
2	2024	CA	California	$100.00	94526	37.814613	-121.990552
4	2024	CA	California	$421.00	94965	37.852904	-122.547207
3	2024	CA	California	$1,100.00	94705	37.865183	-122.238209
13	2024	CO	Colorado	$445.00	81131	37.865412	-105.679141
9	2024	CA	California	$9,050.00	94920	37.885629	-122.46858
1	2024	CA	California	$1,000.00	94549	37.897009	-122.114292
2	2024	CA	California	$500.00	94941	37.897665	-122.563172
1	2024	CA	California	$250.00	94530	37.921561	-122.298337
5	2024	CA	California	$1,700.00	94925	37.931846	-122.507738
1	2024	CA	California	$1,000.00	94939	37.937082	-122.532369
1	2024	CA	California	$1,000.00	94904	37.945512	-122.56012
2	2024	CA	California	$6,600.00	94957	37.963111	-122.563588
6	2024	CA	California	$150.00	94564	37.994038	-122.282589
1	2024	CA	California	$500.00	94960	37.995864	-122.577814
1	2024	KY	Kentucky	$10.00	40502	38.010953	-84.483191
6	2024	CA	California	$1,835.00	94903	38.022366	-122.555605
1	2024	CA	California	$25.00	95219	38.051726	-121.483036
1	2024	VA	Virginia	$10.00	24401	38.134387	-79.085564
2	2024	KY	Kentucky	$6,600.00	40207	38.266454	-85.656675
8	2024	CA	California	$1,575.00	95472	38.398815	-122.861923
2	2024	CA	California	$5,000.00	95758	38.427813	-121.444696
2	2024	CA	California	$750.00	95409	38.468829	-122.580724
2	2024	CA	California	$1,500.00	95404	38.525733	-122.690443
1	2024	CA	California	$1,000.00	95492	38.528079	-122.821349
6	2024	CA	California	$81.50	94574	38.542448	-122.419923
3	2024	MO	Missouri	$75.00	63011	38.603678	-90.559295
12	2024	CA	California	$16,200.00	95448	38.622985	-122.889121
1	2024	CA	California	$50.00	95608	38.62415	-121.324911
2	2024	CA	California	$6,600.00	95630	38.666597	-121.141635
2	2024	DE	Delaware	$150.00	19971	38.686005	-75.086681
2	2024	CA	California	$75.00	95695	38.687045	-121.857077
1	2024	VA	Virginia	$750.00	22039	38.755963	-77.314172
1	2024	MD	Maryland	$500.00	20772	38.780274	-76.76699
1	2024	MD	Maryland	$50.00	21601	38.79365	-76.081602
2	2024	MD	Maryland	$250.00	20745	38.806935	-76.995672
11	2024	VA	Virginia	$133.50	22304	38.813169	-77.112139
1	2024	VA	Virginia	$166.67	22301	38.819895	-77.059577
1	2024	VA	Virginia	$1,000.00	22305	38.836463	-77.062098
5	2024	VA	Virginia	$125.00	22044	38.862044	-77.154372
3	2024	DC	District Of Columbia	$4,100.00	20003	38.881904	-76.990935
1	2024	CA	California	$15.00	95614	38.886238	-120.979699
1	2024	VA	Virginia	$25.00	22209	38.895023	-77.075464
1	2024	VA	Virginia	$1,000.00	22180	38.895439	-77.256133
2	2024	DC	District Of Columbia	$6,600.00	20006	38.898609	-77.041461
5	2024	DC	District Of Columbia	$6,183.33	20037	38.898889	-77.055456
5	2024	DC	District Of Columbia	$3,800.00	20005	38.904674	-77.031578
6	2024	DC	District Of Columbia	$6,895.00	20002	38.905026	-76.983607
4	2024	VA	Virginia	$4,600.00	22207	38.906665	-77.124238
3	2024	DC	District Of Columbia	$1,050.00	20036	38.907017	-77.041569
1	2024	DC	District Of Columbia	$1,000.00	20001	38.910353	-77.017739
2	2024	DC	District Of Columbia	$2,833.33	20007	38.914363	-77.079339
1	2024	DC	District Of Columbia	$166.67	20009	38.919144	-77.037381
1	2024	IL	Illinois	$2.50	62010	38.921117	-90.045305
3	2024	KS	Kansas	$250.00	66210	38.922144	-94.704779
1	2024	DC	District Of Columbia	$1,000.00	20018	38.926576	-76.974446
1	2024	IL	Illinois	$250.00	62067	38.929024	-89.983292
14	2024	DC	District Of Columbia	$2,552.50	20008	38.936238	-77.059981
1	2024	DC	District Of Columbia	$416.67	20016	38.93693	-77.090014
2	2024	VA	Virginia	$800.00	22101	38.940203	-77.164882
3	2024	VA	Virginia	$4,956.34	22102	38.95095	-77.229544
2	2024	DC	District Of Columbia	$6,600.00	20011	38.952514	-77.022991
1	2024	KS	Kansas	$200.00	66207	38.955644	-94.643247
1	2024	VA	Virginia	$3,300.00	20190	38.959322	-77.339298
5	2024	DC	District Of Columbia	$3,537.50	20015	38.966889	-77.058323
1	2024	MD	Maryland	$2,000.00	20818	38.973445	-77.162497
11	2024	VA	Virginia	$655.00	20170	38.979842	-77.37975
7	2024	MD	Maryland	$12,600.00	20815	38.983386	-77.079346
1	2024	MD	Maryland	$1,000.00	21401	38.98775	-76.5528
3	2024	MD	Maryland	$3,375.00	20817	38.997272	-77.151816
2	2024	KS	Kansas	$150.00	66208	38.997529	-94.628369
1	2024	MD	Maryland	$1,000.00	20910	39.002837	-77.036701
1	2024	MD	Maryland	$1,000.00	20814	39.004989	-77.10149
1	2024	VA	Virginia	$250.00	22066	39.012386	-77.301969
10	2024	MD	Maryland	$4,983.34	20854	39.032772	-77.22083
1	2024	MD	Maryland	$3,300.00	20904	39.066616	-76.980935
3	2024	OH	Ohio	$306.00	45230	39.073748	-84.389281
4	2024	CA	California	$10,000.00	95993	39.082497	-121.680114
2	2024	MD	Maryland	$333.34	20850	39.091338	-77.182294
1	2024	MD	Maryland	$250.00	20877	39.140749	-77.19206
8	2024	OH	Ohio	$1,260.00	45211	39.15609	-84.596637
1	2024	MD	Maryland	$100.00	20842	39.199879	-77.415267
26	2024	OH	Ohio	$340.50	45215	39.235279	-84.461948
1	2024	MD	Maryland	$25.00	21230	39.26613	-76.623803
3	2024	MO	Missouri	$75.00	64154	39.279265	-94.637168
10	2024	MD	Maryland	$260.00	21204	39.402268	-76.632295
3	2024	MD	Maryland	$750.01	21117	39.427563	-76.777976
4	2024	WV	West Virginia	$72.50	26554	39.465392	-80.109845
2	2024	MD	Maryland	$300.00	21030	39.492412	-76.674443
1	2024	WV	West Virginia	$250.00	26505	39.649517	-79.945258
12	2024	CO	Colorado	$202.50	80231	39.67142	-104.887802
10	2024	CO	Colorado	$120.00	80210	39.676626	-104.962315
2	2024	CO	Colorado	$3,300.00	80209	39.706581	-104.96575
1	2024	OH	Ohio	$3.00	43146	39.773521	-83.136925
4	2024	DE	Delaware	$1,550.00	19807	39.798555	-75.61442
18	2024	PA	Pennsylvania	$300.00	17325	39.826258	-77.227606
1	2024	CO	Colorado	$210.00	80403	39.836967	-105.299574
6	2024	IN	Indiana	$300.00	46236	39.895722	-85.967501
4	2024	PA	Pennsylvania	$425.00	17509	39.912055	-76.036499
2	2024	PA	Pennsylvania	$100.00	19063	39.92046	-75.416182
9	2024	PA	Pennsylvania	$518.00	19147	39.935327	-75.152489
2	2024	PA	Pennsylvania	$5,000.00	19102	39.952783	-75.165586
7	2024	OH	Ohio	$225.00	43209	39.953616	-82.930721
5	2024	OH	Ohio	$155.00	43213	39.96687	-82.862134
6	2024	NJ	New Jersey	$60.00	08759	39.975287	-74.344727
8	2024	PA	Pennsylvania	$108.00	17551	39.982202	-76.371419
1	2024	PA	Pennsylvania	$1,000.00	19003	40.001553	-75.298929
1	2024	PA	Pennsylvania	$1,500.00	19004	40.009753	-75.231508
4	2024	OH	Ohio	$53.00	43026	40.02085	-83.194413
1	2024	PA	Pennsylvania	$500.00	19335	40.022618	-75.721218
2	2024	PA	Pennsylvania	$2,750.00	19010	40.023624	-75.329727
1	2024	CO	Colorado	$250.00	80516	40.051112	-105.027632
33	2024	NJ	New Jersey	$337.50	08562	40.061957	-74.591878
6	2024	NJ	New Jersey	$75.00	08022	40.06759	-74.705741
1	2024	PA	Pennsylvania	$250.00	18940	40.261315	-74.937775
3	2024	OH	Ohio	$150.00	43074	40.269531	-82.850655
2	2024	IN	Indiana	$60.00	46041	40.295035	-86.493864
2	2024	PA	Pennsylvania	$27.50	18901	40.306267	-75.147144
2	2024	NJ	New Jersey	$750.00	08831	40.319474	-74.428801
1	2024	NJ	New Jersey	$100.00	08536	40.33229	-74.581076
2	2024	NJ	New Jersey	$200.00	08542	40.352913	-74.660366
2	2024	NJ	New Jersey	$3,300.00	08540	40.36301	-74.655321
1	2024	NJ	New Jersey	$500.00	08530	40.370017	-74.91017
21	2024	PA	Pennsylvania	$1,187.50	15203	40.426207	-79.975672
6	2024	NJ	New Jersey	$300.00	08904	40.500795	-74.427911
7	2024	NJ	New Jersey	$176.00	08822	40.525105	-74.865254
4	2024	PA	Pennsylvania	$98.00	15238	40.537201	-79.879443
6	2024	NY	New York	$210.00	11561	40.589081	-73.648178
1	2024	NJ	New Jersey	$25.00	07067	40.589252	-74.31131
1	2024	NJ	New Jersey	$500.00	08836	40.596376	-74.55732
1	2024	NY	New York	$3,300.00	10305	40.596691	-74.074866
2	2024	NY	New York	$6,600.00	11234	40.60508	-73.911721
1	2024	NY	New York	$250.00	11228	40.616695	-74.013047
3	2024	NY	New York	$2,800.00	11209	40.621982	-74.030324
8	2024	NY	New York	$151.00	10310	40.632648	-74.116148
1	2024	NY	New York	$1,000.00	11557	40.637176	-73.691976
2	2024	NY	New York	$6,600.00	11220	40.641221	-74.016862
4	2024	NY	New York	$37.50	11226	40.646448	-73.956649
1	2024	NY	New York	$250.00	11203	40.649591	-73.934371
1	2024	NJ	New Jersey	$500.00	07090	40.651644	-74.343447
2	2024	PA	Pennsylvania	$5,800.00	18052	40.657428	-75.504255
8	2024	NY	New York	$1,400.00	11215	40.662688	-73.98674
1	2024	NY	New York	$500.00	11212	40.662936	-73.913029
9	2024	NY	New York	$1,600.00	11566	40.663194	-73.554014
3	2024	NY	New York	$2,070.00	11570	40.666066	-73.638409
1	2024	NJ	New Jersey	$500.00	08827	40.668431	-74.968385
2	2024	NY	New York	$25.00	11758	40.668934	-73.458448
1	2024	NY	New York	$1,000.00	11213	40.671078	-73.936336
2	2024	NY	New York	$100.00	11580	40.6749	-73.702154
1	2024	NY	New York	$250.00	11436	40.675807	-73.796622
3	2024	NY	New York	$2,250.00	11231	40.677916	-74.005154
9	2024	NY	New York	$6,551.00	11238	40.679171	-73.963804
1	2024	NY	New York	$2,500.00	11216	40.680768	-73.949316
8	2024	NY	New York	$14,300.00	11217	40.682306	-73.978099
2	2024	NY	New York	$800.00	11701	40.682453	-73.414381
6	2024	NY	New York	$2,750.00	10004	40.68863	-74.018244
33	2024	NY	New York	$37,000.00	11201	40.693682	-73.989693
6	2024	NY	New York	$530.00	11205	40.694696	-73.966286
1	2024	NY	New York	$250.00	11418	40.700272	-73.835971
1	2024	NY	New York	$250.00	11206	40.701954	-73.942358
13	2024	NY	New York	$226.00	11237	40.70416	-73.921139
2	2024	NY	New York	$750.00	10038	40.709278	-74.002562
4	2024	NY	New York	$3,500.00	10006	40.709614	-74.012954
2	2024	NY	New York	$1,500.00	11429	40.709766	-73.738653
7	2024	NY	New York	$5,983.00	10007	40.713848	-74.007755
1	2024	NY	New York	$250.00	11432	40.715359	-73.793071
3	2024	NY	New York	$4,500.00	11423	40.715606	-73.768471
4	2024	NY	New York	$2,600.00	10002	40.715775	-73.986212
1	2024	NY	New York	$1,000.00	10282	40.716921	-74.015066
1	2024	NJ	New Jersey	$500.00	07302	40.719389	-74.046469
24	2024	NY	New York	$24,450.00	10013	40.720103	-74.004903
4	2024	NY	New York	$850.00	11375	40.720934	-73.846151
10	2024	NY	New York	$286.00	11378	40.724744	-73.909639
28	2024	NY	New York	$14,160.00	10012	40.725581	-73.998078
6	2024	NJ	New Jersey	$5,400.00	07928	40.725986	-74.412612
7	2024	NY	New York	$7,250.00	10009	40.726399	-73.978631
3	2024	NY	New York	$1,750.00	11530	40.726854	-73.637009
2	2024	NJ	New Jersey	$1,000.00	07310	40.730133	-74.036816
29	2024	NY	New York	$86.00	11367	40.730145	-73.82703
2	2024	NJ	New Jersey	$3,800.00	07924	40.730394	-74.59258
1	2024	NJ	New Jersey	$1,000.00	07040	40.730785	-74.268919
5	2024	NY	New York	$440.00	11427	40.730904	-73.745661
35	2024	NY	New York	$27,638.00	10003	40.731829	-73.989181
1	2024	NY	New York	$500.00	11735	40.732747	-73.432789
14	2024	NY	New York	$21,800.00	10014	40.734012	-74.006746
1	2024	NJ	New Jersey	$500.00	07306	40.734924	-74.071875
4	2024	NJ	New Jersey	$1,550.00	07102	40.735659	-74.173605
20	2024	NY	New York	$16,031.04	10010	40.739065	-73.982255
65	2024	NY	New York	$30,166.00	10011	40.742039	-74.00062
1	2024	NJ	New Jersey	$1,000.00	07078	40.742346	-74.334237
2	2024	NY	New York	$100.00	11104	40.744634	-73.920201
1	2024	NY	New York	$500.00	11377	40.744819	-73.905156
24	2024	NY	New York	$11,048.00	10016	40.745224	-73.978297
1	2024	NY	New York	$3,000.00	11040	40.745347	-73.680292
4	2024	NY	New York	$4,400.00	10119	40.75031	-73.992979
2	2024	NY	New York	$4,300.00	10001	40.750633	-73.997177
2	2024	NY	New York	$150.00	11355	40.751452	-73.821031
1	2024	NY	New York	$500.00	11368	40.751718	-73.851822
2	2024	NY	New York	$800.00	10165	40.752131	-73.978722
17	2024	NY	New York	$14,810.00	10017	40.75236	-73.972493
2	2024	NY	New York	$500.00	10177	40.755139	-73.975934
4	2024	NY	New York	$1,550.00	10018	40.755319	-73.993114
4	2024	NY	New York	$4,400.00	11042	40.758534	-73.697235
18	2024	NY	New York	$16,800.00	10022	40.758628	-73.967948
3	2024	NY	New York	$6,850.00	10036	40.75926	-73.98986
2	2024	NJ	New Jersey	$2,260.00	07940	40.760175	-74.419181
2	2024	NY	New York	$6,600.00	10153	40.763622	-73.972439
22	2024	NY	New York	$28,700.00	10065	40.764612	-73.963122
28	2024	NY	New York	$27,200.00	10019	40.765823	-73.987169
75	2024	NY	New York	$65,129.58	10021	40.769258	-73.958751
11	2024	NY	New York	$1,664.50	11102	40.772884	-73.926295
27	2024	NY	New York	$41,000.00	10075	40.773361	-73.956216
83	2024	NY	New York	$76,975.50	10023	40.775921	-73.982607
74	2024	NY	New York	$32,712.50	10028	40.776441	-73.953509
2	2024	PA	Pennsylvania	$70.00	16801	40.778883	-77.841371
47	2024	NY	New York	$40,716.00	10128	40.781432	-73.950013
1	2024	NJ	New Jersey	$500.00	07945	40.781948	-74.599501
1	2024	NJ	New Jersey	$500.00	07094	40.781958	-74.067649
1	2024	NY	New York	$250.00	11719	40.782153	-72.912104
17	2024	NJ	New Jersey	$8,775.00	07960	40.784201	-74.500025
4	2024	NY	New York	$6,550.00	11021	40.784319	-73.731488
2	2024	NJ	New Jersey	$800.00	07052	40.785753	-74.265059
2	2024	NJ	New Jersey	$1,250.00	07039	40.785828	-74.3291
5	2024	NY	New York	$4,900.00	11357	40.786393	-73.810864
1	2024	NY	New York	$1,500.00	11568	40.786929	-73.59649
5	2024	NY	New York	$600.00	11747	40.788403	-73.407396
12	2024	NY	New York	$325.00	11753	40.789713	-73.539899
2	2024	NY	New York	$1,500.00	10029	40.791763	-73.94397
10	2024	NY	New York	$15,850.00	11030	40.793409	-73.688549
2	2024	NY	New York	$700.00	10035	40.795455	-73.929655
1	2024	NY	New York	$3,300.00	11576	40.798032	-73.647275
72	2024	NY	New York	$67,223.67	10024	40.798452	-73.974428
43	2024	NY	New York	$22,469.50	10025	40.798601	-73.966622
1	2024	NY	New York	$500.00	11742	40.810067	-73.041404
9	2024	NY	New York	$4,600.00	10027	40.811407	-73.95306
1	2024	NJ	New Jersey	$1,000.00	07110	40.820616	-74.15625
1	2024	NJ	New Jersey	$1,000.00	07068	40.821737	-74.310147
3	2024	NY	New York	$362.50	11959	40.822586	-72.601345
2	2024	NJ	New Jersey	$5,000.00	07020	40.823877	-73.974152
26	2024	NE	Nebraska	$547.00	68505	40.824839	-96.619262
2	2024	NY	New York	$6,600.00	10031	40.825288	-73.950045
2	2024	NY	New York	$6,600.00	11545	40.826321	-73.589365
5	2024	NY	New York	$500.00	11763	40.826582	-72.98405
4	2024	NY	New York	$7,850.00	11791	40.828288	-73.505922
4	2024	NY	New York	$1,011.00	10039	40.830867	-73.936218
9	2024	NY	New York	$5,400.00	11050	40.8399	-73.693124
1	2024	NJ	New Jersey	$500.00	07950	40.846026	-74.482314
3	2024	NY	New York	$6,650.00	10033	40.850545	-73.933983
2	2024	NY	New York	$6,600.00	11787	40.852924	-73.21126
1	2024	NY	New York	$23.00	10040	40.858305	-73.930549
1	2024	NY	New York	$1,000.00	11731	40.862623	-73.316937
2	2024	NY	New York	$3,500.00	10034	40.867076	-73.924312
4	2024	NY	New York	$7,400.00	11946	40.87027	-72.521704
4	2024	NY	New York	$87.50	11720	40.870331	-73.082113
10	2024	NY	New York	$10,145.00	10463	40.880678	-73.90654
1	2024	NY	New York	$250.00	11560	40.880757	-73.588724
6	2024	NY	New York	$2,500.00	11743	40.883411	-73.423556
3	2024	NJ	New Jersey	$1,100.00	07834	40.887246	-74.490462
1	2024	NJ	New Jersey	$500.00	07601	40.889398	-74.045698
2	2024	NJ	New Jersey	$5,000.00	07666	40.890317	-74.011478
3	2024	NJ	New Jersey	$6,800.00	07631	40.891197	-73.972515
4	2024	NY	New York	$8,600.00	10471	40.898868	-73.903328
1	2024	OH	Ohio	$1,000.00	44720	40.903454	-81.433282
1	2024	NY	New York	$1,000.00	11968	40.905925	-72.415662
4	2024	NY	New York	$6,900.00	11790	40.905957	-73.127374
4	2024	NY	New York	$7,100.00	11780	40.909287	-73.174729
1	2024	NY	New York	$500.00	11776	40.913615	-73.046398
10	2024	NY	New York	$160.00	10801	40.91757	-73.784858
6	2024	NJ	New Jersey	$8,100.00	07670	40.918309	-73.950523
1	2024	NJ	New Jersey	$1,000.00	07621	40.922334	-73.998001
1	2024	NY	New York	$3,300.00	11976	40.922393	-72.350704
1	2024	NY	New York	$250.00	11932	40.934313	-72.306615
9	2024	NY	New York	$12,450.00	10538	40.937752	-73.756473
7	2024	NY	New York	$10,400.00	10708	40.938267	-73.829922
8	2024	NY	New York	$16,450.00	11733	40.940235	-73.11278
2	2024	NJ	New Jersey	$6,600.00	07628	40.945239	-73.992428
5	2024	NY	New York	$3,775.00	10804	40.946841	-73.788051
2	2024	NJ	New Jersey	$6,600.00	07652	40.947312	-74.070219
1	2024	NY	New York	$250.00	11786	40.950485	-72.886658
3	2024	NY	New York	$5,300.00	10543	40.952693	-73.73604
2	2024	NY	New York	$600.00	11777	40.956068	-73.066659
2	2024	NJ	New Jersey	$2,200.00	07649	40.956651	-74.032858
2	2024	NJ	New Jersey	$1,000.00	07452	40.959471	-74.125202
6	2024	NJ	New Jersey	$150.00	07641	40.961713	-73.997437
1	2024	NY	New York	$250.00	11789	40.962028	-72.971008
7	2024	NY	New York	$117.50	10710	40.967157	-73.846339
6	2024	NY	New York	$8,400.00	10528	40.975049	-73.724925
19	2024	NY	New York	$25,100.00	10580	40.979049	-73.693202
3	2024	NJ	New Jersey	$2,000.00	07450	40.981591	-74.113506
32	2024	NY	New York	$37,000.00	10583	40.988682	-73.789204
4	2024	NY	New York	$170.00	10706	40.989821	-73.867552
2	2024	NY	New York	$750.00	11963	40.993155	-72.319664
1	2024	NJ	New Jersey	$1,000.00	07417	41.007529	-74.205652
3	2024	NY	New York	$6,000.00	10522	41.01031	-73.863746
2	2024	NY	New York	$1,500.00	10605	41.010525	-73.745125
9	2024	NY	New York	$4,725.00	11937	41.013013	-72.168912
2	2024	NY	New York	$1,125.00	10573	41.015857	-73.677404
1	2024	NY	New York	$3,300.00	10606	41.020572	-73.775846
2	2024	NY	New York	$6,600.00	11935	41.021223	-72.486958
1	2024	NJ	New Jersey	$500.00	07436	41.029405	-74.243145
4	2024	CT	Connecticut	$2,250.00	06878	41.030093	-73.583719
2	2024	NY	New York	$6,600.00	10601	41.032932	-73.765071
2	2024	NY	New York	$2,000.00	10533	41.036927	-73.854864
2	2024	NY	New York	$200.00	10968	41.037017	-73.921259
3	2024	CT	Connecticut	$3,500.00	06830	41.037605	-73.624339
8	2024	NY	New York	$10,150.00	10577	41.038367	-73.711114
2	2024	NY	New York	$800.00	11954	41.047565	-71.946386
1	2024	NY	New York	$100.00	10603	41.0544	-73.779287
1	2024	NY	New York	$500.00	11964	41.055827	-72.319034
2	2024	CT	Connecticut	$25.00	06902	41.059347	-73.544384
2	2024	NY	New York	$33.32	11971	41.064037	-72.430926
2	2024	NY	New York	$5,600.00	10604	41.071512	-73.747093
5	2024	CT	Connecticut	$3,500.00	06820	41.076202	-73.48008
3	2024	NY	New York	$6,850.00	10595	41.085897	-73.782645
8	2024	CT	Connecticut	$5,750.00	06831	41.088724	-73.658838
5	2024	NY	New York	$9,100.00	10960	41.092068	-73.924648
2	2024	NY	New York	$2,500.00	10994	41.098072	-73.972649
10	2024	NY	New York	$5,225.00	11944	41.10403	-72.371541
2	2024	NY	New York	$2,250.00	10504	41.128468	-73.707521
1	2024	NY	New York	$3,300.00	10570	41.130067	-73.78667
9	2024	CT	Connecticut	$9,900.00	06880	41.133275	-73.348699
11	2024	NY	New York	$3,031.00	10510	41.139472	-73.835704
1	2024	NY	New York	$200.00	10901	41.140772	-74.104976
1	2024	NY	New York	$1,000.00	10956	41.157191	-73.993416
6	2024	CT	Connecticut	$6,500.00	06840	41.160393	-73.500124
6	2024	NY	New York	$4,300.00	10514	41.172153	-73.769196
2	2024	CT	Connecticut	$1,750.00	06824	41.173039	-73.280818
2	2024	NY	New York	$48.00	10970	41.180177	-74.102175
57	2024	CT	Connecticut	$613.00	06604	41.18292	-73.208027
5	2024	NY	New York	$812.50	10506	41.190395	-73.639144
1	2024	NY	New York	$2,000.00	10562	41.19448	-73.825254
4	2024	NY	New York	$10,300.00	10549	41.200584	-73.723465
1	2024	CT	Connecticut	$500.00	06897	41.211277	-73.440974
1	2024	NY	New York	$500.00	10576	41.221577	-73.572332
4	2024	NY	New York	$1,150.00	10520	41.226478	-73.867787
2	2024	CT	Connecticut	$2,500.00	06883	41.22742	-73.366988
18	2024	NY	New York	$12,570.00	10507	41.227896	-73.686047
3	2024	OH	Ohio	$500.01	44286	41.233126	-81.643939
9	2024	NY	New York	$767.00	10980	41.238822	-74.050163
1	2024	NY	New York	$250.00	10590	41.255269	-73.539404
2	2024	PA	Pennsylvania	$2,500.00	16374	41.263498	-79.815085
6	2024	NY	New York	$19,800.00	10518	41.266143	-73.588296
6	2024	NY	New York	$8,670.00	10536	41.269098	-73.688694
5	2024	NY	New York	$105.00	10567	41.2896	-73.897001
1	2024	CT	Connecticut	$800.00	06510	41.306517	-72.926008
6	2024	OH	Ohio	$55.00	44133	41.313701	-81.74518
2	2024	CT	Connecticut	$1,000.00	06437	41.331777	-72.696816
2	2024	NY	New York	$525.00	10589	41.334143	-73.714634
3	2024	CT	Connecticut	$75.00	06320	41.34745	-72.101743
2	2024	CT	Connecticut	$39.50	06517	41.34944	-72.907149
3	2024	OH	Ohio	$205.00	44001	41.366331	-82.259924
12	2024	NY	New York	$120.00	10924	41.381005	-74.352471
6	2024	OH	Ohio	$36.00	43402	41.418411	-83.656651
6	2024	PA	Pennsylvania	$600.00	18436	41.442799	-75.39345
1	2024	NY	New York	$1,000.00	12770	41.449118	-74.843117
1	2024	NY	New York	$1,000.00	10512	41.457619	-73.724608
9	2024	OH	Ohio	$223.00	44054	41.4716	-82.090338
4	2024	OH	Ohio	$100.00	44120	41.473947	-81.579956
1	2024	CT	Connecticut	$250.00	06784	41.576035	-73.491717
1	2024	IL	Illinois	$3,300.00	60462	41.625307	-87.83293
3	2024	NY	New York	$75.00	12701	41.650829	-74.699907
7	2024	NY	New York	$181.26	12603	41.675868	-73.864484
1	2024	NY	New York	$1,000.00	12525	41.691564	-74.188272
2	2024	NY	New York	$1,500.00	12601	41.701921	-73.911519
1	2024	NY	New York	$50.00	12528	41.722054	-74.009482
6	2024	CT	Connecticut	$950.00	06032	41.731051	-72.857096
3	2024	NY	New York	$75.00	12783	41.738633	-74.833724
1	2024	CT	Connecticut	$50.00	06013	41.749079	-72.948657
1	2024	CT	Connecticut	$200.00	06759	41.75364	-73.212028
14	2024	IL	Illinois	$128.00	60516	41.761302	-88.013394
2	2024	CT	Connecticut	$1,000.00	06754	41.775423	-73.362996
12	2024	NY	New York	$3,275.00	12545	41.782904	-73.669402
17	2024	NY	New York	$174.50	12754	41.798195	-74.736889
1	2024	NY	New York	$400.00	12404	41.818958	-74.236082
3	2024	IL	Illinois	$150.00	60653	41.819962	-87.605984
1	2024	NY	New York	$2,000.00	12501	41.863095	-73.573627
5	2024	NY	New York	$7,650.00	12580	41.863651	-73.871536
1	2024	NY	New York	$250.00	12514	41.877409	-73.764423
1	2024	IL	Illinois	$250.00	60654	41.892289	-87.637271
1	2024	IL	Illinois	$3,300.00	60622	41.902172	-87.683337
2	2024	NY	New York	$800.00	12574	41.917688	-73.945658
1	2024	IL	Illinois	$3,300.00	60614	41.922714	-87.649577
5	2024	NY	New York	$9,850.00	12546	41.948	-73.523349
1	2024	CT	Connecticut	$2,000.00	06039	41.952698	-73.458626
4	2024	IL	Illinois	$100.00	60191	41.966306	-87.980851
2	2024	MI	Michigan	$150.00	49093	41.972834	-85.649934
7	2024	CT	Connecticut	$250.00	06281	41.973476	-72.014137
4	2024	IL	Illinois	$600.00	60103	41.980546	-88.204761
18	2024	NY	New York	$6,985.00	12567	41.986194	-73.642216
4	2024	NY	New York	$265.00	12571	42.002775	-73.809608
10	2024	IA	Iowa	$160.50	50014	42.046297	-93.694448
4	2024	NY	New York	$225.00	13850	42.049395	-76.017594
1	2024	NY	New York	$250.00	14760	42.077027	-78.418429
1	2024	NY	New York	$15.00	14901	42.087649	-76.746938
1	2024	NY	New York	$250.00	14905	42.087725	-76.843282
1	2024	NY	New York	$750.00	14861	42.088212	-76.686236
2	2024	NY	New York	$350.00	12477	42.092591	-73.98811
24	2024	NY	New York	$38,650.00	14830	42.128123	-77.031977
7	2024	NY	New York	$7,250.00	14903	42.131632	-76.871851
2	2024	NY	New York	$304.00	13760	42.133332	-76.084622
1	2024	NY	New York	$750.00	14814	42.155636	-76.9593
15	2024	NY	New York	$11,850.00	14870	42.160372	-77.127611
1	2024	PA	Pennsylvania	$250.00	16511	42.166262	-79.99017
12	2024	NY	New York	$240.00	13856	42.171041	-75.183316
1	2024	NY	New York	$500.00	14712	42.183745	-79.361923
1	2024	IL	Illinois	$500.00	60035	42.185968	-87.805939
9	2024	NY	New York	$21,100.00	14845	42.215841	-76.8341
5	2024	NY	New York	$1,412.50	12534	42.217345	-73.752256
2	2024	NY	New York	$1,000.00	12513	42.219307	-73.720481
1	2024	IL	Illinois	$3,300.00	60045	42.235997	-87.864777
1	2024	NY	New York	$1,250.00	14872	42.243653	-76.874902
1	2024	NY	New York	$250.00	12075	42.299922	-73.633627
2	2024	NY	New York	$3,300.00	12165	42.306136	-73.504114
2	2024	NY	New York	$180.00	13753	42.30696	-74.926915
23	2024	NY	New York	$229.00	12405	42.317909	-74.085995
1	2024	NY	New York	$200.00	14843	42.320079	-77.646339
1	2024	NY	New York	$25.00	14867	42.34315	-76.618094
1	2024	NY	New York	$500.00	14869	42.36232	-76.768965
1	2024	MI	Michigan	$25.00	48230	42.382395	-82.921842
2	2024	NY	New York	$150.00	12106	42.389554	-73.710951
2	2024	NY	New York	$6,600.00	12184	42.419893	-73.653359
7	2024	NY	New York	$330.00	12136	42.420119	-73.565108
7	2024	NY	New York	$1,350.00	14850	42.432165	-76.497042
12	2024	NY	New York	$105.00	14840	42.441653	-77.194396
1	2024	MI	Michigan	$1,000.00	48075	42.462064	-83.230398
1	2024	MI	Michigan	$1,000.00	48091	42.468168	-83.057986
6	2024	MI	Michigan	$300.00	48070	42.481899	-83.168088
1	2024	MI	Michigan	$1,000.00	48025	42.520357	-83.264824
7	2024	MI	Michigan	$1,150.00	48322	42.537824	-83.384526
2	2024	MI	Michigan	$2,000.00	48009	42.544048	-83.217653
1	2024	NY	New York	$1,000.00	12123	42.547343	-73.598306
1	2024	MI	Michigan	$1,000.00	48302	42.585108	-83.293467
7	2024	NY	New York	$255.00	12077	42.588163	-73.777694
1	2024	MI	Michigan	$1,000.00	48304	42.588866	-83.233152
1	2024	NY	New York	$12.50	12061	42.599312	-73.657175
5	2024	NY	New York	$1,273.00	12054	42.608547	-73.864416
1	2024	NY	New York	$250.00	12144	42.627836	-73.717842
1	2024	NY	New York	$100.00	12018	42.628833	-73.520771
3	2024	NY	New York	$400.00	12202	42.635575	-73.759658
17	2024	NY	New York	$361.00	12209	42.638686	-73.790469
5	2024	NY	New York	$500.00	12159	42.651428	-73.885894
13	2024	NY	New York	$2,665.50	12208	42.653031	-73.809978
7	2024	NY	New York	$5,800.00	12210	42.659502	-73.756237
3	2024	NY	New York	$250.00	12206	42.674514	-73.782733
5	2024	NY	New York	$3,950.00	12203	42.681048	-73.84698
1	2024	NY	New York	$1,000.00	12009	42.697723	-74.03535
22	2024	NY	New York	$28,750.00	12211	42.703095	-73.763706
2	2024	NY	New York	$2,000.00	12084	42.704669	-73.899364
1	2024	NY	New York	$250.00	12180	42.748588	-73.599536
12	2024	NY	New York	$796.00	14127	42.752803	-78.739697
1	2024	NY	New York	$1,000.00	12056	42.764785	-74.09515
9	2024	NY	New York	$251.00	12047	42.784054	-73.726219
32	2024	NY	New York	$1,075.46	14454	42.797774	-77.774638
24	2024	NY	New York	$1,795.00	12182	42.799699	-73.630864
8	2024	NY	New York	$2,160.00	12309	42.79983	-73.864972
6	2024	NY	New York	$510.00	12065	42.852284	-73.785597
1	2024	NY	New York	$100.00	12185	42.862521	-73.554112
3	2024	NY	New York	$460.00	12090	42.876802	-73.351525
16	2024	NY	New York	$330.50	14469	42.877919	-77.471014
1	2024	NY	New York	$250.00	12302	42.878182	-73.982505
2	2024	MI	Michigan	$55.00	49509	42.897764	-85.693418
5	2024	NY	New York	$2,628.00	14086	42.909063	-78.629256
5	2024	NY	New York	$125.00	14215	42.935288	-78.810645
4	2024	NY	New York	$50.00	12010	42.937632	-74.173325
1	2024	WI	Wisconsin	$1,000.00	53129	42.939993	-88.000857
2	2024	NY	New York	$200.00	14472	42.966819	-77.575134
2	2024	NY	New York	$6,600.00	14226	42.971014	-78.796455
1	2024	NY	New York	$500.00	13215	42.980793	-76.223386
9	2024	NY	New York	$75.00	14221	42.984481	-78.722761
1	2024	NY	New York	$50.00	14564	42.986699	-77.43436
3	2024	NY	New York	$2,000.00	12020	43.001589	-73.868123
1	2024	NY	New York	$1,000.00	13205	43.005276	-76.14203
4	2024	NY	New York	$65.00	14467	43.036367	-77.612051
1	2024	NY	New York	$5.00	13214	43.038709	-76.075591
3	2024	NY	New York	$250.00	14051	43.042842	-78.699413
2	2024	NY	New York	$2,000.00	12816	43.044236	-73.382032
2	2024	WI	Wisconsin	$100.00	53213	43.048803	-88.001516
2	2024	WI	Wisconsin	$60.00	53202	43.049579	-87.89252
1	2024	NY	New York	$250.00	14534	43.05689	-77.521042
2	2024	NY	New York	$6,600.00	13421	43.061915	-75.660092
23	2024	NY	New York	$2,749.00	12866	43.073715	-73.740236
3	2024	OR	Oregon	$37.50	97411	43.075636	-124.359381
9	2024	NY	New York	$170.00	14013	43.08629	-78.397746
33	2024	NY	New York	$1,147.50	14450	43.092487	-77.420461
8	2024	NY	New York	$268.00	14618	43.114542	-77.554976
6	2024	NY	New York	$120.00	12873	43.117451	-73.311646
2	2024	NY	New York	$200.00	13502	43.141264	-75.154707
3	2024	NY	New York	$400.00	14610	43.142359	-77.545372
2	2024	VT	Vermont	$800.00	05359	43.153086	-72.715918
2	2024	WI	Wisconsin	$15.00	53217	43.158204	-87.913225
6	2024	MI	Michigan	$105.00	49441	43.182952	-86.282017
6	2024	NY	New York	$180.00	14580	43.217283	-77.444534
1	2024	NY	New York	$250.00	12801	43.31116	-73.645286
8	2024	ME	Maine	$220.00	04090	43.331432	-70.645586
8	2024	WY	Wyoming	$1,300.00	83014	43.448623	-110.966891
1	2024	WI	Wisconsin	$25.00	53090	43.462856	-88.188952
2	2024	ID	Idaho	$50.00	83642	43.568006	-116.404411
1	2024	NH	New Hampshire	$250.00	03894	43.603773	-71.177139
2	2024	SD	South Dakota	$4,000.00	57104	43.604785	-96.707425
4	2024	MI	Michigan	$255.00	48858	43.616033	-84.795459
8	2024	ME	Maine	$369.00	04103	43.694105	-70.287927
2	2024	ME	Maine	$500.00	04092	43.70792	-70.352602
2	2024	WI	Wisconsin	$75.00	53083	43.815995	-87.764488
14	2024	NY	New York	$363.00	13601	43.968892	-75.906501
1	2024	VT	Vermont	$1,500.00	05753	43.997783	-73.178295
1	2024	OR	Oregon	$500.00	97403	44.035821	-123.052976
9	2024	NY	New York	$272.00	13622	44.100667	-76.106996
6	2024	ME	Maine	$137.50	04843	44.238406	-69.064039
2	2024	NY	New York	$75.00	13664	44.584013	-75.64546
2	2024	NY	New York	$150.00	13680	44.595988	-75.323398
2	2024	MN	Minnesota	$1,000.00	55372	44.682387	-93.413588
1	2024	NY	New York	$500.00	12901	44.70419	-73.471392
1	2024	OR	Oregon	$250.00	97385	44.865853	-122.72355
1	2024	MN	Minnesota	$250.00	55116	44.910719	-93.169581
1	2024	MN	Minnesota	$50.00	55343	44.914372	-93.416254
1	2024	MN	Minnesota	$50.00	55104	44.953894	-93.164446
4	2024	MI	Michigan	$247.50	49770	45.331217	-84.897137
8	2024	OR	Oregon	$130.00	97011	45.387126	-122.026423
5	2024	OR	Oregon	$125.00	97006	45.517009	-122.859817
4	2024	WA	Washington	$300.00	98502	47.08739	-123.022009
2	2024	WA	Washington	$100.00	98506	47.108292	-122.870623
1	2024	WA	Washington	$1,000.00	98070	47.407196	-122.473322
1	2024	WA	Washington	$250.00	98146	47.500058	-122.357848
1	2024	WA	Washington	$250.00	98101	47.610902	-122.336422
2	2024	WA	Washington	$350.00	98004	47.618337	-122.205341
8	2024	MT	Montana	$225.00	59404	47.631766	-111.32887
1	2024	WA	Washington	$250.00	98102	47.63714	-122.321891
6	2024	WA	Washington	$105.00	98119	47.638679	-122.370946
1	2024	WA	Washington	$3,300.00	98110	47.646967	-122.534561
1	2024	WA	Washington	$1,000.00	98107	47.667527	-122.377551
2	2024	WA	Washington	$3,900.00	98033	47.675982	-122.193578
2	2024	WA	Washington	$150.00	98103	47.678255	-122.338152
1	2024	WA	Washington	$2,700.00	98052	47.68099	-122.120531
6	2024	WA	Washington	$97.50	98034	47.715769	-122.213748
3	2024	WA	Washington	$175.00	98028	47.755665	-122.248061
7	2024	WA	Washington	$245.50	98855	48.674509	-119.253009
1	2024	AK	Alaska	$250.00	99516	61.079371	-149.709857
1	2024	MA	Massachusetts	$25.00	02535	41.337159	-70.761031
4	2024	RI	Rhode Island	$135.00	02813	41.394216	-71.669822
2	2024	MA	Massachusetts	$1,500.00	02748	41.553084	-70.971453
7	2024	RI	Rhode Island	$300.00	02818	41.642919	-71.485719
1	2024	RI	Rhode Island	$200.00	02809	41.675730	-71.273331
1	2024	MA	Massachusetts	$250.00	02043	42.216098	-70.881270
1	2024	MA	Massachusetts	$500.00	02030	42.234160	-71.291167
1	2024	MA	Massachusetts	$1,500.00	02025	42.236423	-70.814436
1	2024	MA	Massachusetts	$1,500.00	02186	42.241557	-71.082432
3	2024	MA	Massachusetts	$2,500.00	02492	42.276029	-71.244543
3	2024	MA	Massachusetts	$250.00	02132	42.280455	-71.162017
4	2024	MA	Massachusetts	$92.00	02124	42.285805	-71.070571
1	2024	MA	Massachusetts	$1,000.00	02482	42.293103	-71.298537
1	2024	MA	Massachusetts	$500.00	02494	42.299490	-71.232519
5	2024	MA	Massachusetts	$4,000.00	02481	42.311927	-71.275531
6	2024	MA	Massachusetts	$5,750.00	02467	42.314344	-71.152759
5	2024	MA	Massachusetts	$4,500.00	02459	42.314779	-71.192017
5	2024	MA	Massachusetts	$365.00	01532	42.323342	-71.646236
5	2024	MA	Massachusetts	$8,150.00	02445	42.325483	-71.135045
5	2024	MA	Massachusetts	$5,000.00	02468	42.328553	-71.229530
4	2024	MA	Massachusetts	$3,700.00	02115	42.337105	-71.105696
2	2024	MA	Massachusetts	$2,000.00	02118	42.337582	-71.070482
20	2024	MA	Massachusetts	$3,495.00	02446	42.343503	-71.122248
1	2024	MA	Massachusetts	$1,000.00	01778	42.343687	-71.381186
2	2024	MA	Massachusetts	$1,500.00	02466	42.344457	-71.248617
3	2024	MA	Massachusetts	$2,000.00	02210	42.347472	-71.039271
4	2024	MA	Massachusetts	$3,300.00	02465	42.348912	-71.226330
1	2024	MA	Massachusetts	$250.00	02135	42.349688	-71.153964
7	2024	MA	Massachusetts	$8,550.00	02116	42.350579	-71.076397
2	2024	MA	Massachusetts	$1,500.00	02460	42.351824	-71.208490
4	2024	MA	Massachusetts	$5,700.00	02458	42.353585	-71.188192
4	2024	MA	Massachusetts	$3,500.00	02108	42.357768	-71.064858
3	2024	MA	Massachusetts	$7,600.00	02493	42.360502	-71.303433
1	2024	MA	Massachusetts	$1,000.00	02110	42.361962	-71.047846
1	2024	MA	Massachusetts	$1,000.00	02139	42.362986	-71.103353
1	2024	MA	Massachusetts	$1,000.00	02114	42.363174	-71.068646
2	2024	MA	Massachusetts	$6,600.00	02109	42.367032	-71.050493
1	2024	MA	Massachusetts	$500.00	02472	42.369451	-71.177925
6	2024	MA	Massachusetts	$130.00	02453	42.369542	-71.240513
5	2024	MA	Massachusetts	$2,750.00	02138	42.379637	-71.135152
3	2024	MA	Massachusetts	$2,000.00	02129	42.379657	-71.061487
1	2024	MA	Massachusetts	$50.00	02143	42.381409	-71.096714
2	2024	MA	Massachusetts	$6,600.00	02140	42.392157	-71.133996
5	2024	MA	Massachusetts	$4,400.00	02478	42.395317	-71.180284
2	2024	MA	Massachusetts	$1,500.00	02476	42.415637	-71.175670
1	2024	MA	Massachusetts	$500.00	02155	42.423840	-71.107673
2	2024	MA	Massachusetts	$5,300.00	01773	42.425506	-71.310812
6	2024	MA	Massachusetts	$1,547.50	02421	42.438547	-71.239573
4	2024	MA	Massachusetts	$1,600.00	01890	42.452752	-71.144319
4	2024	MA	Massachusetts	$4,500.00	01742	42.462911	-71.364496
1	2024	MA	Massachusetts	$500.00	01720	42.483953	-71.438495
8	2024	MA	Massachusetts	$800.00	01880	42.501524	-71.067489
1	2024	MA	Massachusetts	$1,500.00	01915	42.570665	-70.867583
4	2024	MA	Massachusetts	$52.50	01982	42.626223	-70.857230
1	2024	NH	New Hampshire	$1,500.00	03051	42.760508	-71.409494
1	2024	MA	Massachusetts	$1,000.00	01830	42.796313	-71.053436
1	2024	NH	New Hampshire	$1,500.00	03857	43.070909	-70.946875
5	2024	NH	New Hampshire	$112.50	03784	43.638325	-72.306490
1	2024	NH	New Hampshire	$250.00	03755	43.727746	-72.142753